{
  "id": "4a7b17a5e8d85888795ad9bb1fd92f69",
  "request": {
    "id": "e4004cac-2f2b-4d74-9019-51afb61378ee",
    "matchedRuleId": "5a7d63d1-24a2-4326-bb7c-7ebb64ae94ac",
    "protocol": "https",
    "httpVersion": "1.1",
    "method": "POST",
    "url": "https://graphql-pokemon2.vercel.app/",
    "path": "/",
    "remoteIpAddress": "::1",
    "remotePort": 54037,
    "headers": {
      "host": "graphql-pokemon2.vercel.app",
      "connection": "keep-alive",
      "content-type": "application/json",
      "accept": "application/json",
      "accept-language": "*",
      "sec-fetch-mode": "cors",
      "user-agent": "undici",
      "accept-encoding": "br, gzip, deflate",
      "content-length": "124"
    },
    "rawHeaders": [
      [
        "host",
        "graphql-pokemon2.vercel.app"
      ],
      [
        "connection",
        "keep-alive"
      ],
      [
        "Content-Type",
        "application/json"
      ],
      [
        "Accept",
        "application/json"
      ],
      [
        "accept-language",
        "*"
      ],
      [
        "sec-fetch-mode",
        "cors"
      ],
      [
        "user-agent",
        "undici"
      ],
      [
        "accept-encoding",
        "br, gzip, deflate"
      ],
      [
        "content-length",
        "124"
      ]
    ],
    "tags": [],
    "timingEvents": {
      "startTime": 1709837242162,
      "startTimestamp": 153919.8377919197,
      "bodyReceivedTimestamp": 153919.95475006104
    },
    "body": {
      "buffer": {
        "type": "Buffer",
        "data": [
          123,
          34,
          113,
          117,
          101,
          114,
          121,
          34,
          58,
          34,
          113,
          117,
          101,
          114,
          121,
          32,
          80,
          111,
          107,
          101,
          109,
          111,
          110,
          40,
          36,
          110,
          97,
          109,
          101,
          58,
          32,
          83,
          116,
          114,
          105,
          110,
          103,
          41,
          32,
          123,
          92,
          110,
          32,
          112,
          111,
          107,
          101,
          109,
          111,
          110,
          40,
          110,
          97,
          109,
          101,
          58,
          32,
          36,
          110,
          97,
          109,
          101,
          41,
          32,
          123,
          92,
          110,
          32,
          32,
          32,
          110,
          97,
          109,
          101,
          92,
          110,
          32,
          32,
          32,
          105,
          109,
          97,
          103,
          101,
          92,
          110,
          32,
          125,
          92,
          110,
          125,
          34,
          44,
          34,
          118,
          97,
          114,
          105,
          97,
          98,
          108,
          101,
          115,
          34,
          58,
          123,
          34,
          110,
          97,
          109,
          101,
          34,
          58,
          34,
          80,
          105,
          107,
          97,
          99,
          104,
          117,
          34,
          125,
          125
        ]
      }
    }
  },
  "response": {
    "id": "e4004cac-2f2b-4d74-9019-51afb61378ee",
    "statusCode": 200,
    "timingEvents": {
      "startTime": 1709837242162,
      "startTimestamp": 153919.8377919197,
      "bodyReceivedTimestamp": 153919.95475006104,
      "headersSentTimestamp": 154210.43470811844,
      "responseSentTimestamp": 154212.01512527466
    },
    "tags": [],
    "statusMessage": "OK",
    "headers": {
      "access-control-allow-methods": "GET,HEAD,PUT,POST,DELETE",
      "access-control-allow-origin": "*",
      "cache-control": "public, max-age=0, must-revalidate",
      "connection": "keep-alive",
      "content-length": 105,
      "content-type": "application/json; charset=utf-8",
      "date": "Thu, 07 Mar 2024 18:47:22 GMT",
      "server": "Vercel",
      "strict-transport-security": "max-age=63072000; includeSubDomains; preload",
      "x-vercel-cache": "MISS",
      "x-vercel-id": "iad1::sfo1::dxrvb-1709837242376-fe4b0cbe26cd"
    },
    "rawHeaders": [
      [
        "Access-Control-Allow-Methods",
        "GET,HEAD,PUT,POST,DELETE"
      ],
      [
        "Access-Control-Allow-Origin",
        "*"
      ],
      [
        "Cache-Control",
        "public, max-age=0, must-revalidate"
      ],
      [
        "Connection",
        "keep-alive"
      ],
      [
        "Content-Length",
        "95"
      ],
      [
        "Content-Type",
        "application/json; charset=utf-8"
      ],
      [
        "Date",
        "Thu, 07 Mar 2024 18:47:22 GMT"
      ],
      [
        "Server",
        "Vercel"
      ],
      [
        "Strict-Transport-Security",
        "max-age=63072000; includeSubDomains; preload"
      ],
      [
        "X-Vercel-Cache",
        "MISS"
      ],
      [
        "X-Vercel-Id",
        "iad1::sfo1::dxrvb-1709837242376-fe4b0cbe26cd"
      ]
    ],
    "body": {
      "buffer": {
        "type": "Buffer",
        "data": [
          123,
          34,
          100,
          97,
          116,
          97,
          34,
          58,
          123,
          34,
          112,
          111,
          107,
          101,
          109,
          111,
          110,
          34,
          58,
          123,
          34,
          110,
          97,
          109,
          101,
          34,
          58,
          34,
          80,
          105,
          107,
          97,
          99,
          104,
          117,
          32,
          45,
          32,
          69,
          100,
          105,
          116,
          101,
          100,
          33,
          34,
          44,
          34,
          105,
          109,
          97,
          103,
          101,
          34,
          58,
          34,
          104,
          116,
          116,
          112,
          115,
          58,
          47,
          47,
          105,
          109,
          103,
          46,
          112,
          111,
          107,
          101,
          109,
          111,
          110,
          100,
          98,
          46,
          110,
          101,
          116,
          47,
          97,
          114,
          116,
          119,
          111,
          114,
          107,
          47,
          112,
          105,
          107,
          97,
          99,
          104,
          117,
          46,
          106,
          112,
          103,
          34,
          125,
          125,
          125
        ]
      }
    },
    "sizeInBytes": 95,
    "startTime": 1709837242162,
    "startTimestamp": 153919.8377919197,
    "bodyReceivedTimestamp": 153919.95475006104,
    "headersSentTimestamp": 154210.43470811844,
    "responseSentTimestamp": 154212.01512527466
  },
  "tape": "/Users/matt/dev/jambox/recipes/nextjs-graphql-example/.jambox/default.tape.zip",
  "filename": "/4a7b17a5e8d85888795ad9bb1fd92f69.json"
}