{
  "id": "4a7b17a5e8d85888795ad9bb1fd92f69",
  "request": {
    "id": "a073cdc9-22d3-4dac-bb41-cc9fc9bf86f7",
    "matchedRuleId": "5731ff18-5583-4cc5-9a51-f7b0b833f8d4",
    "protocol": "https",
    "httpVersion": "1.1",
    "method": "POST",
    "url": "https://graphql-pokemon2.vercel.app/",
    "path": "/",
    "remoteIpAddress": "::1",
    "remotePort": 61191,
    "headers": {
      "host": "graphql-pokemon2.vercel.app",
      "connection": "keep-alive",
      "content-length": "124",
      "sec-ch-ua": "\"Chromium\";v=\"122\", \"Not(A:Brand\";v=\"24\", \"Google Chrome\";v=\"122\"",
      "accept": "application/json",
      "content-type": "application/json",
      "sec-ch-ua-mobile": "?0",
      "user-agent": "Mozilla/5.0 (Macintosh; Intel Mac OS X 10_15_7) AppleWebKit/537.36 (KHTML, like Gecko) Chrome/122.0.0.0 Safari/537.36",
      "sec-ch-ua-platform": "\"macOS\"",
      "sec-fetch-site": "cross-site",
      "sec-fetch-mode": "cors",
      "sec-fetch-dest": "empty",
      "referer": "https://jambox-demo-graphql.vercel.app/",
      "accept-encoding": "gzip, deflate, br",
      "accept-language": "en-US,en;q=0.9"
    },
    "rawHeaders": [
      [
        "Host",
        "graphql-pokemon2.vercel.app"
      ],
      [
        "Connection",
        "keep-alive"
      ],
      [
        "Content-Length",
        "124"
      ],
      [
        "sec-ch-ua",
        "\"Chromium\";v=\"122\", \"Not(A:Brand\";v=\"24\", \"Google Chrome\";v=\"122\""
      ],
      [
        "Accept",
        "application/json"
      ],
      [
        "Content-Type",
        "application/json"
      ],
      [
        "sec-ch-ua-mobile",
        "?0"
      ],
      [
        "User-Agent",
        "Mozilla/5.0 (Macintosh; Intel Mac OS X 10_15_7) AppleWebKit/537.36 (KHTML, like Gecko) Chrome/122.0.0.0 Safari/537.36"
      ],
      [
        "sec-ch-ua-platform",
        "\"macOS\""
      ],
      [
        "Sec-Fetch-Site",
        "cross-site"
      ],
      [
        "Sec-Fetch-Mode",
        "cors"
      ],
      [
        "Sec-Fetch-Dest",
        "empty"
      ],
      [
        "Referer",
        "https://jambox-demo-graphql.vercel.app/"
      ],
      [
        "Accept-Encoding",
        "gzip, deflate, br"
      ],
      [
        "Accept-Language",
        "en-US,en;q=0.9"
      ]
    ],
    "tags": [],
    "timingEvents": {
      "startTime": 1709583952857,
      "startTimestamp": 290915.14595890045,
      "bodyReceivedTimestamp": 290915.42720890045
    },
    "body": {
      "buffer": {
        "type": "Buffer",
        "data": [
          123,
          34,
          113,
          117,
          101,
          114,
          121,
          34,
          58,
          34,
          113,
          117,
          101,
          114,
          121,
          32,
          80,
          111,
          107,
          101,
          109,
          111,
          110,
          40,
          36,
          110,
          97,
          109,
          101,
          58,
          32,
          83,
          116,
          114,
          105,
          110,
          103,
          41,
          32,
          123,
          92,
          110,
          32,
          112,
          111,
          107,
          101,
          109,
          111,
          110,
          40,
          110,
          97,
          109,
          101,
          58,
          32,
          36,
          110,
          97,
          109,
          101,
          41,
          32,
          123,
          92,
          110,
          32,
          32,
          32,
          110,
          97,
          109,
          101,
          92,
          110,
          32,
          32,
          32,
          105,
          109,
          97,
          103,
          101,
          92,
          110,
          32,
          125,
          92,
          110,
          125,
          34,
          44,
          34,
          118,
          97,
          114,
          105,
          97,
          98,
          108,
          101,
          115,
          34,
          58,
          123,
          34,
          110,
          97,
          109,
          101,
          34,
          58,
          34,
          80,
          105,
          107,
          97,
          99,
          104,
          117,
          34,
          125,
          125
        ]
      }
    }
  },
  "response": {
    "id": "a073cdc9-22d3-4dac-bb41-cc9fc9bf86f7",
    "statusCode": 200,
    "timingEvents": {
      "startTime": 1709583952857,
      "startTimestamp": 290915.14595890045,
      "bodyReceivedTimestamp": 290915.42720890045,
      "headersSentTimestamp": 291044.5967092514,
      "responseSentTimestamp": 291046.38250017166
    },
    "tags": [],
    "statusMessage": "OK",
    "headers": {
      "access-control-allow-methods": "GET,HEAD,PUT,POST,DELETE",
      "access-control-allow-origin": "*",
      "cache-control": "public, max-age=0, must-revalidate",
      "connection": "keep-alive",
      "content-length": 105,
      "content-type": "application/json; charset=utf-8",
      "date": "Mon, 04 Mar 2024 20:25:52 GMT",
      "server": "Vercel",
      "strict-transport-security": "max-age=63072000; includeSubDomains; preload",
      "x-vercel-cache": "MISS",
      "x-vercel-id": "iad1::sfo1::97lx2-1709583952919-84680ebe3e1d"
    },
    "rawHeaders": [
      [
        "Access-Control-Allow-Methods",
        "GET,HEAD,PUT,POST,DELETE"
      ],
      [
        "Access-Control-Allow-Origin",
        "*"
      ],
      [
        "Cache-Control",
        "public, max-age=0, must-revalidate"
      ],
      [
        "Connection",
        "keep-alive"
      ],
      [
        "Content-Length",
        "95"
      ],
      [
        "Content-Type",
        "application/json; charset=utf-8"
      ],
      [
        "Date",
        "Mon, 04 Mar 2024 20:25:52 GMT"
      ],
      [
        "Server",
        "Vercel"
      ],
      [
        "Strict-Transport-Security",
        "max-age=63072000; includeSubDomains; preload"
      ],
      [
        "X-Vercel-Cache",
        "MISS"
      ],
      [
        "X-Vercel-Id",
        "iad1::sfo1::97lx2-1709583952919-84680ebe3e1d"
      ]
    ],
    "body": {
      "buffer": {
        "type": "Buffer",
        "data": [
          123,
          34,
          100,
          97,
          116,
          97,
          34,
          58,
          123,
          34,
          112,
          111,
          107,
          101,
          109,
          111,
          110,
          34,
          58,
          123,
          34,
          110,
          97,
          109,
          101,
          34,
          58,
          34,
          80,
          105,
          107,
          97,
          99,
          104,
          117,
          32,
          45,
          32,
          69,
          100,
          105,
          116,
          101,
          100,
          33,
          34,
          44,
          34,
          105,
          109,
          97,
          103,
          101,
          34,
          58,
          34,
          104,
          116,
          116,
          112,
          115,
          58,
          47,
          47,
          105,
          109,
          103,
          46,
          112,
          111,
          107,
          101,
          109,
          111,
          110,
          100,
          98,
          46,
          110,
          101,
          116,
          47,
          97,
          114,
          116,
          119,
          111,
          114,
          107,
          47,
          112,
          105,
          107,
          97,
          99,
          104,
          117,
          46,
          106,
          112,
          103,
          34,
          125,
          125,
          125
        ]
      }
    },
    "sizeInBytes": 95,
    "startTime": 1709583952857,
    "startTimestamp": 290915.14595890045,
    "bodyReceivedTimestamp": 290915.42720890045,
    "headersSentTimestamp": 291044.5967092514,
    "responseSentTimestamp": 291046.38250017166
  },
  "tape": "/Users/matt/dev/jambox/recipes/nextjs-graphql-example/.jambox/default.tape.zip",
  "filename": "/4a7b17a5e8d85888795ad9bb1fd92f69.json"
}