{"request":{"id":"ebf337e5-ccdf-46be-b629-4651fefa8ad7","matchedRuleId":"2963a70a-837b-4563-bc96-e9049673f097","protocol":"https","httpVersion":"1.1","method":"POST","url":"https://graphql-pokemon2.vercel.app/","path":"/","remoteIpAddress":"::1","remotePort":50448,"headers":{"host":"graphql-pokemon2.vercel.app","connection":"keep-alive","content-length":"125","sec-ch-ua":"\"Not?A_Brand\";v=\"8\", \"Chromium\";v=\"108\"","accept":"application/json","content-type":"application/json","sec-ch-ua-mobile":"?0","user-agent":"Mozilla/5.0 (X11; Linux x86_64) AppleWebKit/537.36 (KHTML, like Gecko) Chrome/108.0.0.0 Safari/537.36","sec-ch-ua-platform":"\"Linux\"","origin":"https://jambox-demo-graphql.vercel.app","sec-fetch-site":"cross-site","sec-fetch-mode":"cors","sec-fetch-dest":"empty","referer":"https://jambox-demo-graphql.vercel.app/","accept-encoding":"gzip, deflate, br","accept-language":"en-US,en;q=0.9"},"rawHeaders":[["Host","graphql-pokemon2.vercel.app"],["Connection","keep-alive"],["Content-Length","125"],["sec-ch-ua","\"Not?A_Brand\";v=\"8\", \"Chromium\";v=\"108\""],["Accept","application/json"],["Content-Type","application/json"],["sec-ch-ua-mobile","?0"],["User-Agent","Mozilla/5.0 (X11; Linux x86_64) AppleWebKit/537.36 (KHTML, like Gecko) Chrome/108.0.0.0 Safari/537.36"],["sec-ch-ua-platform","\"Linux\""],["Origin","https://jambox-demo-graphql.vercel.app"],["Sec-Fetch-Site","cross-site"],["Sec-Fetch-Mode","cors"],["Sec-Fetch-Dest","empty"],["Referer","https://jambox-demo-graphql.vercel.app/"],["Accept-Encoding","gzip, deflate, br"],["Accept-Language","en-US,en;q=0.9"]],"tags":[],"timingEvents":{"startTime":1673212233255,"startTimestamp":2040117.9996999986,"bodyReceivedTimestamp":2040118.9439219981},"body":{"buffer":{"type":"Buffer","data":[123,34,113,117,101,114,121,34,58,34,113,117,101,114,121,32,80,111,107,101,109,111,110,40,36,110,97,109,101,58,32,83,116,114,105,110,103,41,32,123,92,110,32,112,111,107,101,109,111,110,40,110,97,109,101,58,32,36,110,97,109,101,41,32,123,92,110,32,32,32,110,97,109,101,92,110,32,32,32,105,109,97,103,101,92,110,32,125,92,110,125,34,44,34,118,97,114,105,97,98,108,101,115,34,58,123,34,110,97,109,101,34,58,34,83,108,111,119,112,111,107,101,34,125,125]}}},"response":{"id":"ebf337e5-ccdf-46be-b629-4651fefa8ad7","statusCode":200,"timingEvents":{"startTime":1673212233255,"startTimestamp":2040117.9996999986,"bodyReceivedTimestamp":2040118.9439219981,"headersSentTimestamp":2040368.6721789986,"responseSentTimestamp":2040372.3621459976},"tags":[],"statusMessage":"OK","headers":{"access-control-allow-methods":"GET,HEAD,PUT,POST,DELETE","access-control-allow-origin":"https://jambox-demo-graphql.vercel.app","cache-control":"public, max-age=0, must-revalidate","connection":"keep-alive","content-length":"97","content-type":"application/json; charset=utf-8","date":"Sun, 08 Jan 2023 21:10:33 GMT","server":"Vercel","strict-transport-security":"max-age=63072000; includeSubDomains; preload","x-vercel-cache":"MISS","x-vercel-id":"iad1::sfo1::qnkr7-1673212233783-e24fced79c98"},"rawHeaders":[["Access-Control-Allow-Methods","GET,HEAD,PUT,POST,DELETE"],["Access-Control-Allow-Origin","https://jambox-demo-graphql.vercel.app"],["Cache-Control","public, max-age=0, must-revalidate"],["Connection","keep-alive"],["Content-Length","97"],["Content-Type","application/json; charset=utf-8"],["Date","Sun, 08 Jan 2023 21:10:33 GMT"],["Server","Vercel"],["Strict-Transport-Security","max-age=63072000; includeSubDomains; preload"],["X-Vercel-Cache","MISS"],["X-Vercel-Id","iad1::sfo1::qnkr7-1673212233783-e24fced79c98"]],"body":{"buffer":{"type":"Buffer","data":[123,34,100,97,116,97,34,58,123,34,112,111,107,101,109,111,110,34,58,123,34,110,97,109,101,34,58,34,83,108,111,119,112,111,107,101,34,44,34,105,109,97,103,101,34,58,34,104,116,116,112,115,58,47,47,105,109,103,46,112,111,107,101,109,111,110,100,98,46,110,101,116,47,97,114,116,119,111,114,107,47,115,108,111,119,112,111,107,101,46,106,112,103,34,125,125,125]}}}}